Id,Nonfamily Median Income
1400000US17001000100,34583
1400000US17001000201,24122
1400000US17001000202,30833
1400000US17001000400,16221
1400000US17001000500,17821
1400000US17001000600,31657
1400000US17001000700,16850
1400000US17001000800,18275
1400000US17001000900,26780
1400000US17001001001,35313
1400000US17001001002,28971
1400000US17001001100,32578
1400000US17001010100,29556
1400000US17001010200,30119
1400000US17001010300,31694
1400000US17001010400,32321
1400000US17001010500,35114
1400000US17001010600,32891
1400000US17003957600,21691
1400000US17003957700,23661
1400000US17003957800,19875
1400000US17003957900,23015
1400000US17005951200,18750
1400000US17005951300,35446
1400000US17005951400,25833
1400000US17005951500,30000
1400000US17007010100,30733
1400000US17007010200,20446
1400000US17007010300,28125
1400000US17007010400,35341
1400000US17007010500,46045
1400000US17007010601,51339
1400000US17007010602,44412
1400000US17009970400,37266
1400000US17009970500,26833
1400000US17011964700,45625
1400000US17011964800,31935
1400000US17011964900,27788
1400000US17011965000,30870
1400000US17011965100,30809
1400000US17011965200,31127
1400000US17011965300,29574
1400000US17011965400,24826
1400000US17011965500,32344
1400000US17011965600,36544
1400000US17013951200,20195
1400000US17013951300,34500
1400000US17015960100,27593
1400000US17015960200,26025
1400000US17015960300,26853
1400000US17015960400,31908
1400000US17015960500,33063
1400000US17015960600,26250
1400000US17017960100,41250
1400000US17017960200,30909
1400000US17017960300,37443
1400000US17017960400,24375
1400000US17017960500,23571
1400000US17019000200,19881
1400000US17019000301,7100
1400000US17019000302,-
1400000US17019000401,5074
1400000US17019000402,3740
1400000US17019000500,28456
1400000US17019000700,32917
1400000US17019000800,44059
1400000US17019000901,30218
1400000US17019000902,37214
1400000US17019001000,40309
1400000US17019001100,51250
1400000US17019001201,32455
1400000US17019001203,43641
1400000US17019001204,63155
1400000US17019001205,45417
1400000US17019001206,56917
1400000US17019001301,38452
1400000US17019001302,43889
1400000US17019001400,23841
1400000US17019005300,11090
1400000US17019005401,33370
1400000US17019005402,34914
1400000US17019005500,31567
1400000US17019005600,29655
1400000US17019005701,35210
1400000US17019005702,28839
1400000US17019005800,24662
1400000US17019005900,7290
1400000US17019006000,20048
1400000US17019010100,19907
1400000US17019010204,37394
1400000US17019010300,27105
1400000US17019010400,39167
1400000US17019010500,36458
1400000US17019010601,30877
1400000US17019010603,34143
1400000US17019010604,32384
1400000US17019010700,33971
1400000US17019010800,40774
1400000US17019010900,40189
1400000US17019011000,33485
1400000US17019011100,22847
1400000US17021958100,40769
1400000US17021958200,24531
1400000US17021958300,26677
1400000US17021958400,24792
1400000US17021958500,25703
1400000US17021958600,41125
1400000US17021958700,29732
1400000US17021958800,28654
1400000US17021958900,24850
1400000US17021959000,31494
1400000US17023060100,35682
1400000US17023060200,33214
1400000US17023060300,27292
1400000US17023060400,27266
1400000US17025971900,35714
1400000US17025972000,28643
1400000US17025972100,16184
1400000US17025972200,20161
1400000US17027900100,37675
1400000US17027900200,43125
1400000US17027900300,39418
1400000US17027900401,26979
1400000US17027900402,24018
1400000US17027900500,28388
1400000US17027900601,40000
1400000US17027900602,53636
1400000US17029000100,25404
1400000US17029000200,37295
1400000US17029000300,30590
1400000US17029000400,18399
1400000US17029000500,18125
1400000US17029000600,32260
1400000US17029000700,14547
1400000US17029000800,12500
1400000US17029000900,35273
1400000US17029001000,19897
1400000US17029001100,35357
1400000US17029001200,25805
1400000US17031010100,29489
1400000US17031010201,32064
1400000US17031010202,26222
1400000US17031010300,34238
1400000US17031010400,30854
1400000US17031010501,26926
1400000US17031010502,32234
1400000US17031010503,14634
1400000US17031010600,27286
1400000US17031010701,48564
1400000US17031010702,37535
1400000US17031020100,45625
1400000US17031020200,-
1400000US17031020301,33264
1400000US17031020302,50540
1400000US17031020400,60625
1400000US17031020500,27958
1400000US17031020601,32233
1400000US17031020602,65125
1400000US17031020701,36667
1400000US17031020702,39219
1400000US17031020801,44754
1400000US17031020802,45541
1400000US17031020901,43547
1400000US17031020902,28000
1400000US17031030101,33833
1400000US17031030102,40067
1400000US17031030103,41339
1400000US17031030104,35375
1400000US17031030200,45060
1400000US17031030300,31838
1400000US17031030400,37045
1400000US17031030500,62679
1400000US17031030601,37917
1400000US17031030603,28649
1400000US17031030604,27465
1400000US17031030701,35511
1400000US17031030702,45197
1400000US17031030703,30313
1400000US17031030706,37206
1400000US17031030800,52987
1400000US17031030900,61250
1400000US17031031000,54813
1400000US17031031100,51518
1400000US17031031200,25459
1400000US17031031300,40918
1400000US17031031400,56893
1400000US17031031501,29643
1400000US17031031502,20171
1400000US17031031700,40129
1400000US17031031800,50341
1400000US17031031900,47163
1400000US17031032100,40771
1400000US17031040100,61042
1400000US17031040201,55433
1400000US17031040202,26731
1400000US17031040300,77222
1400000US17031040401,69331
1400000US17031040402,53996
1400000US17031040600,55523
1400000US17031040700,55528
1400000US17031040800,55729
1400000US17031040900,52813
1400000US17031050100,66458
1400000US17031050200,60989
1400000US17031050300,60304
1400000US17031050500,84125
1400000US17031050600,87361
1400000US17031050700,83750
1400000US17031050800,83500
1400000US17031050900,66607
1400000US17031051000,85625
1400000US17031051100,46458
1400000US17031051200,96875
1400000US17031051300,116914
1400000US17031051400,67727
1400000US17031060100,65694
1400000US17031060200,63000
1400000US17031060300,80043
1400000US17031060400,84659
1400000US17031060500,22928
1400000US17031060800,77752
1400000US17031060900,55092
1400000US17031061000,100417
1400000US17031061100,94102
1400000US17031061200,87596
1400000US17031061500,103269
1400000US17031061800,62917
1400000US17031061901,45771
1400000US17031061902,55600
1400000US17031062000,66964
1400000US17031062100,71681
1400000US17031062200,97105
1400000US17031062300,104375
1400000US17031062400,93125
1400000US17031062500,85250
1400000US17031062600,83056
1400000US17031062700,73676
1400000US17031062800,104700
1400000US17031062900,84035
1400000US17031063000,74412
1400000US17031063100,72417
1400000US17031063200,54241
1400000US17031063301,42381
1400000US17031063302,66395
1400000US17031063303,61471
1400000US17031063400,77292
1400000US17031070101,54497
1400000US17031070102,58179
1400000US17031070103,56898
1400000US17031070200,69141
1400000US17031070300,79922
1400000US17031070400,64412
1400000US17031070500,52292
1400000US17031070600,123571
1400000US17031070700,87717
1400000US17031071000,106953
1400000US17031071100,82589
1400000US17031071200,102630
1400000US17031071300,73090
1400000US17031071400,63995
1400000US17031071500,77732
1400000US17031071600,60938
1400000US17031071700,104500
1400000US17031071800,101328
1400000US17031080100,87530
1400000US17031080201,73119
1400000US17031080202,69931
1400000US17031080300,99583
1400000US17031080400,23500
1400000US17031081000,49082
1400000US17031081100,61504
1400000US17031081201,75776
1400000US17031081202,84231
1400000US17031081300,71818
1400000US17031081401,45000
1400000US17031081402,80978
1400000US17031081403,81480
1400000US17031081500,68304
1400000US17031081600,88438
1400000US17031081700,93348
1400000US17031081800,103665
1400000US17031081900,139500
1400000US17031090100,39393
1400000US17031090200,60577
1400000US17031090300,45500
1400000US17031100100,52847
1400000US17031100200,46122
1400000US17031100300,22230
1400000US17031100400,26250
1400000US17031100500,50781
1400000US17031100600,41994
1400000US17031100700,42500
1400000US17031110100,40804
1400000US17031110200,29949
1400000US17031110300,40263
1400000US17031110400,44602
1400000US17031110501,46094
1400000US17031110502,46164
1400000US17031120100,50417
1400000US17031120200,63621
1400000US17031120300,36250
1400000US17031120400,68250
1400000US17031130100,16571
1400000US17031130200,53500
1400000US17031130300,41622
1400000US17031140100,37829
1400000US17031140200,28333
1400000US17031140301,33750
1400000US17031140302,50222
1400000US17031140400,39661
1400000US17031140500,37173
1400000US17031140601,20667
1400000US17031140602,40769
1400000US17031140701,42279
1400000US17031140702,48750
1400000US17031140800,64107
1400000US17031150200,38968
1400000US17031150300,48400
1400000US17031150401,38352
1400000US17031150402,51552
1400000US17031150501,46625
1400000US17031150502,27917
1400000US17031150600,38992
1400000US17031150700,54007
1400000US17031150800,34688
1400000US17031151001,22250
1400000US17031151002,37417
1400000US17031151100,31188
1400000US17031151200,26023
1400000US17031160100,46711
1400000US17031160200,43429
1400000US17031160300,42783
1400000US17031160400,35272
1400000US17031160501,51429
1400000US17031160502,45066
1400000US17031160601,60515
1400000US17031160602,46094
1400000US17031160700,47832
1400000US17031160800,43063
1400000US17031160900,51500
1400000US17031161000,44500
1400000US17031161100,70833
1400000US17031161200,34875
1400000US17031161300,42083
1400000US17031170100,26425
1400000US17031170200,49917
1400000US17031170300,38092
1400000US17031170400,37386
1400000US17031170500,61484
1400000US17031170600,39125
1400000US17031170700,43333
1400000US17031170800,35156
1400000US17031170900,20450
1400000US17031171000,31949
1400000US17031171100,31969
1400000US17031180100,34032
1400000US17031190100,24013
1400000US17031190200,18269
1400000US17031190300,25638
1400000US17031190401,35181
1400000US17031190402,37202
1400000US17031190601,36384
1400000US17031190602,30781
1400000US17031190701,21014
1400000US17031190702,40321
1400000US17031190800,22778
1400000US17031190900,15104
1400000US17031191000,24625
1400000US17031191100,33295
1400000US17031191200,36696
1400000US17031191301,27083
1400000US17031191302,33427
1400000US17031200100,23056
1400000US17031200200,28036
1400000US17031200300,23047
1400000US17031200401,25227
1400000US17031200402,-
1400000US17031210100,42270
1400000US17031210400,37708
1400000US17031210501,42598
1400000US17031210502,46522
1400000US17031210601,59141
1400000US17031210602,54950
1400000US17031210700,44196
1400000US17031210800,58558
1400000US17031210900,48281
1400000US17031220300,69000
1400000US17031220400,74125
1400000US17031220500,72328
1400000US17031220601,54946
1400000US17031220602,39840
1400000US17031220701,61563
1400000US17031220702,51413
1400000US17031220901,41875
1400000US17031220902,31815
1400000US17031221000,60000
1400000US17031221100,53906
1400000US17031221200,78676
1400000US17031221300,51928
1400000US17031221400,69567
1400000US17031221500,36719
1400000US17031221600,77583
1400000US17031222200,87321
1400000US17031222500,59000
1400000US17031222600,58438
1400000US17031222700,60197
1400000US17031222800,34643
1400000US17031222900,32321
1400000US17031230100,52847
1400000US17031230200,40385
1400000US17031230300,-
1400000US17031230400,-
1400000US17031230500,14104
1400000US17031230600,26087
1400000US17031230700,26890
1400000US17031230800,46250
1400000US17031230900,34762
1400000US17031231100,17188
1400000US17031231200,22736
1400000US17031231500,9344
1400000US17031240200,105938
1400000US17031240300,102375
1400000US17031240500,126250
1400000US17031240600,73355
1400000US17031240700,44250
1400000US17031240800,36324
1400000US17031240900,32917
1400000US17031241000,65833
1400000US17031241100,79934
1400000US17031241200,74167
1400000US17031241300,113125
1400000US17031241400,81538
1400000US17031241500,93875
1400000US17031241600,84265
1400000US17031242000,45172
1400000US17031242100,112277
1400000US17031242200,82964
1400000US17031242300,64770
1400000US17031242400,68807
1400000US17031242500,51332
1400000US17031242600,62692
1400000US17031242700,30469
1400000US17031242800,70921
1400000US17031242900,61452
1400000US17031243000,64936
1400000US17031243100,87981
1400000US17031243200,94583
1400000US17031243300,65125
1400000US17031243400,82121
1400000US17031243500,84188
1400000US17031250200,-
1400000US17031250300,23068
1400000US17031250400,33042
1400000US17031250500,41806
1400000US17031250600,22321
1400000US17031250700,16116
1400000US17031250800,-
1400000US17031251000,25833
1400000US17031251100,14055
1400000US17031251200,22958
1400000US17031251300,16680
1400000US17031251400,23184
1400000US17031251500,11736
1400000US17031251600,30714
1400000US17031251700,-
1400000US17031251800,14806
1400000US17031251900,16333
1400000US17031252000,14483
1400000US17031252101,16675
1400000US17031252102,14318
1400000US17031252201,17596
1400000US17031252202,17061
1400000US17031260100,11798
1400000US17031260200,18036
1400000US17031260300,16680
1400000US17031260400,14297
1400000US17031260500,31818
1400000US17031260600,19167
1400000US17031260700,19167
1400000US17031260800,16042
1400000US17031260900,-
1400000US17031261000,-
1400000US17031270500,9410
1400000US17031271200,24750
1400000US17031271300,40000
1400000US17031271400,16310
1400000US17031271500,-
1400000US17031271800,16042
1400000US17031280100,110458
1400000US17031280400,52381
1400000US17031280800,11701
1400000US17031280900,18000
1400000US17031281900,79789
1400000US17031282700,71417
1400000US17031282800,39792
1400000US17031283100,25667
1400000US17031283200,53750
1400000US17031283800,24268
1400000US17031290900,22722
1400000US17031291200,26458
1400000US17031291600,50766
1400000US17031292200,12400
1400000US17031292400,16698
1400000US17031292500,23875
1400000US17031300500,31058
1400000US17031300600,-
1400000US17031300700,17632
1400000US17031300800,22407
1400000US17031300900,16595
1400000US17031301100,22697
1400000US17031301200,25000
1400000US17031301600,37300
1400000US17031301701,-
1400000US17031301702,28162
1400000US17031301801,-
1400000US17031301802,21176
1400000US17031301803,16464
1400000US17031310200,49821
1400000US17031310300,38833
1400000US17031310400,58833
1400000US17031310500,45455
1400000US17031310600,32520
1400000US17031310700,44423
1400000US17031310800,35288
1400000US17031310900,41029
1400000US17031320100,85313
1400000US17031320400,114625
1400000US17031320600,86916
1400000US17031330100,69375
1400000US17031330200,52569
1400000US17031340300,12238
1400000US17031340400,30074
1400000US17031340500,16500
1400000US17031340600,10192
1400000US17031350100,41250
1400000US17031350400,9063
1400000US17031351000,49695
1400000US17031351100,9531
1400000US17031351400,12930
1400000US17031351500,20833
1400000US17031360200,20479
1400000US17031380100,11250
1400000US17031380200,17433
1400000US17031380500,18056
1400000US17031380700,15139
1400000US17031381200,19286
1400000US17031381400,31131
1400000US17031381500,23958
1400000US17031381700,-
1400000US17031381800,29167
1400000US17031381900,25648
1400000US17031390100,47143
1400000US17031390200,77000
1400000US17031390300,19051
1400000US17031390400,23384
1400000US17031390500,34653
1400000US17031390600,22589
1400000US17031390700,31821
1400000US17031400300,-
1400000US17031400400,35508
1400000US17031400500,24602
1400000US17031400800,9438
1400000US17031410100,37426
1400000US17031410200,26250
1400000US17031410500,28684
1400000US17031410600,21940
1400000US17031410700,22531
1400000US17031410800,26479
1400000US17031410900,36898
1400000US17031411000,59762
1400000US17031411100,52500
1400000US17031411200,29028
1400000US17031420100,17036
1400000US17031420200,30781
1400000US17031420300,23750
1400000US17031420400,10750
1400000US17031420500,16810
1400000US17031420600,12188
1400000US17031420700,18500
1400000US17031420800,19808
1400000US17031421200,14024
1400000US17031430101,-
1400000US17031430102,18750
1400000US17031430200,16034
1400000US17031430300,16000
1400000US17031430400,10506
1400000US17031430500,13839
1400000US17031430600,16772
1400000US17031430700,18400
1400000US17031430800,27216
1400000US17031430900,26000
1400000US17031431200,37685
1400000US17031431301,16596
1400000US17031431302,13866
1400000US17031431400,20373
1400000US17031440101,20097
1400000US17031440102,18958
1400000US17031440201,25790
1400000US17031440202,22788
1400000US17031440300,29408
1400000US17031440600,30000
1400000US17031440700,25650
1400000US17031440800,15662
1400000US17031440900,-
1400000US17031450300,31615
1400000US17031460100,31356
1400000US17031460200,16823
1400000US17031460301,20865
1400000US17031460302,15368
1400000US17031460400,23214
1400000US17031460500,27783
1400000US17031460600,30682
1400000US17031460700,-
1400000US17031461000,12934
1400000US17031470100,15954
1400000US17031480100,47250
1400000US17031480200,31250
1400000US17031480300,25845
1400000US17031480400,44243
1400000US17031480500,21308
1400000US17031490300,32857
1400000US17031490400,32045
1400000US17031490500,35789
1400000US17031490600,36548
1400000US17031490700,25543
1400000US17031490800,29485
1400000US17031490901,18457
1400000US17031490902,18690
1400000US17031491000,16967
1400000US17031491100,20327
1400000US17031491200,28802
1400000US17031491300,14438
1400000US17031491400,18419
1400000US17031500100,27604
1400000US17031500200,23625
1400000US17031500300,32250
1400000US17031510100,16725
1400000US17031510200,36411
1400000US17031510300,18782
1400000US17031520100,17750
1400000US17031520200,27689
1400000US17031520300,34276
1400000US17031520400,28071
1400000US17031520500,31083
1400000US17031520600,19315
1400000US17031530100,14643
1400000US17031530200,22852
1400000US17031530300,25859
1400000US17031530400,41786
1400000US17031530501,24231
1400000US17031530502,33839
1400000US17031530503,18674
1400000US17031530600,33229
1400000US17031540101,-
1400000US17031540102,12537
1400000US17031550100,29317
1400000US17031550200,28021
1400000US17031560100,-
1400000US17031560200,13500
1400000US17031560300,31250
1400000US17031560400,-
1400000US17031560700,31734
1400000US17031560800,27824
1400000US17031560900,51156
1400000US17031561000,31168
1400000US17031561100,33056
1400000US17031570100,37500
1400000US17031570200,16985
1400000US17031570300,26071
1400000US17031570400,33355
1400000US17031570500,19940
1400000US17031580100,29028
1400000US17031580200,-
1400000US17031580300,32500
1400000US17031580400,20077
1400000US17031580501,35677
1400000US17031580502,18571
1400000US17031580600,22391
1400000US17031580700,33750
1400000US17031580800,15156
1400000US17031590500,41307
1400000US17031590600,31094
1400000US17031590700,37784
1400000US17031600400,22401
1400000US17031600600,27279
1400000US17031600700,26587
1400000US17031600900,44153
1400000US17031610300,24545
1400000US17031610400,26111
1400000US17031610800,30391
1400000US17031611000,17125
1400000US17031611100,20889
1400000US17031611200,26944
1400000US17031611300,22639
1400000US17031611400,23585
1400000US17031611500,16250
1400000US17031611600,23516
1400000US17031611700,23021
1400000US17031611800,22457
1400000US17031611900,22467
1400000US17031612000,18929
1400000US17031612100,16875
1400000US17031620100,40125
1400000US17031620200,36023
1400000US17031620300,27063
1400000US17031620400,13866
1400000US17031630100,20625
1400000US17031630200,21964
1400000US17031630300,-
1400000US17031630400,22170
1400000US17031630500,28250
1400000US17031630800,19583
1400000US17031630900,20160
1400000US17031640100,41141
1400000US17031640300,43214
1400000US17031640400,38194
1400000US17031640500,59279
1400000US17031640600,38194
1400000US17031640700,-
1400000US17031640800,33452
1400000US17031650100,36548
1400000US17031650200,32174
1400000US17031650301,44028
1400000US17031650302,31250
1400000US17031650400,33365
1400000US17031650500,42829
1400000US17031660301,16063
1400000US17031660302,18737
1400000US17031660400,17583
1400000US17031660500,12946
1400000US17031660600,21382
1400000US17031660700,21583
1400000US17031660800,21691
1400000US17031660900,20855
1400000US17031661000,14968
1400000US17031661100,27404
1400000US17031670100,21165
1400000US17031670200,14861
1400000US17031670300,19079
1400000US17031670400,18808
1400000US17031670500,20417
1400000US17031670600,13458
1400000US17031670700,22232
1400000US17031670800,20745
1400000US17031670900,-
1400000US17031671100,16481
1400000US17031671200,18958
1400000US17031671300,18295
1400000US17031671400,12266
1400000US17031671500,20833
1400000US17031671600,17111
1400000US17031671800,-
1400000US17031671900,-
1400000US17031672000,32547
1400000US17031680500,16944
1400000US17031680600,-
1400000US17031680900,12607
1400000US17031681000,10021
1400000US17031681100,10896
1400000US17031681200,16675
1400000US17031681300,18854
1400000US17031681400,27045
1400000US17031690300,18438
1400000US17031690400,20230
1400000US17031690500,-
1400000US17031690900,19327
1400000US17031691000,25993
1400000US17031691100,19850
1400000US17031691200,20489
1400000US17031691300,-
1400000US17031691400,18347
1400000US17031691500,9805
1400000US17031700100,-
1400000US17031700200,32910
1400000US17031700301,24609
1400000US17031700302,30938
1400000US17031700401,30714
1400000US17031700402,49750
1400000US17031700501,51997
1400000US17031700502,57063
1400000US17031710100,16694
1400000US17031710200,21147
1400000US17031710300,24196
1400000US17031710400,21226
1400000US17031710500,21128
1400000US17031710600,19716
1400000US17031710700,15528
1400000US17031710800,13163
1400000US17031710900,16793
1400000US17031711000,-
1400000US17031711100,17500
1400000US17031711200,26335
1400000US17031711300,21438
1400000US17031711400,27455
1400000US17031711500,28750
1400000US17031720100,67639
1400000US17031720200,41518
1400000US17031720300,94167
1400000US17031720400,58750
1400000US17031720500,69000
1400000US17031720600,70139
1400000US17031720700,42321
1400000US17031730100,32348
1400000US17031730201,16182
1400000US17031730202,40859
1400000US17031730300,18750
1400000US17031730400,45272
1400000US17031730500,51810
1400000US17031730600,20000
1400000US17031730700,12399
1400000US17031740100,58594
1400000US17031740200,31250
1400000US17031740300,58750
1400000US17031740400,50875
1400000US17031750100,17647
1400000US17031750200,31307
1400000US17031750300,35050
1400000US17031750400,22963
1400000US17031750500,45722
1400000US17031750600,15625
1400000US17031760801,41307
1400000US17031760802,35099
1400000US17031760803,29688
1400000US17031770201,37004
1400000US17031770202,31992
1400000US17031770300,46736
1400000US17031770400,40861
1400000US17031770500,31923
1400000US17031770601,55667
1400000US17031770602,39028
1400000US17031770700,42781
1400000US17031770800,43214
1400000US17031770901,37244
1400000US17031770902,27981
1400000US17031800100,68333
1400000US17031800200,56563
1400000US17031800300,34474
1400000US17031800400,-
1400000US17031800500,-
1400000US17031800600,73125
1400000US17031800700,69276
1400000US17031800800,58906
1400000US17031800900,32986
1400000US17031801000,39074
1400000US17031801100,50833
1400000US17031801200,73472
1400000US17031801300,51500
1400000US17031801400,69625
1400000US17031801500,34348
1400000US17031801601,45000
1400000US17031801603,27122
1400000US17031801605,40962
1400000US17031801606,41292
1400000US17031801607,43882
1400000US17031801608,40768
1400000US17031801701,51534
1400000US17031801702,45541
1400000US17031801800,52946
1400000US17031801901,56853
1400000US17031801902,48929
1400000US17031802002,63869
1400000US17031802003,41250
1400000US17031802004,30679
1400000US17031802100,26071
1400000US17031802200,43750
1400000US17031802300,55546
1400000US17031802402,45972
1400000US17031802403,52750
1400000US17031802404,33977
1400000US17031802503,39744
1400000US17031802504,50481
1400000US17031802505,52500
1400000US17031802506,43224
1400000US17031802605,54607
1400000US17031802607,96429
1400000US17031802608,32730
1400000US17031802609,48393
1400000US17031802610,31111
1400000US17031802701,52873
1400000US17031802702,36667
1400000US17031802801,57813
1400000US17031802802,33393
1400000US17031802900,36875
1400000US17031803005,-
1400000US17031803007,32188
1400000US17031803008,42000
1400000US17031803010,71150
1400000US17031803012,53077
1400000US17031803013,47988
1400000US17031803014,36683
1400000US17031803015,49844
1400000US17031803016,77946
1400000US17031803017,65167
1400000US17031803100,40556
1400000US17031803200,41000
1400000US17031803300,67767
1400000US17031803400,48387
1400000US17031803500,35650
1400000US17031803603,56364
1400000US17031803604,52260
1400000US17031803605,49042
1400000US17031803606,51167
1400000US17031803607,59444
1400000US17031803608,52320
1400000US17031803610,46141
1400000US17031803611,49018
1400000US17031803612,53591
1400000US17031803701,51987
1400000US17031803702,46188
1400000US17031803800,47065
1400000US17031803901,49896
1400000US17031803902,45398
1400000US17031804000,50580
1400000US17031804102,42370
1400000US17031804104,49875
1400000US17031804105,50875
1400000US17031804106,69750
1400000US17031804108,76394
1400000US17031804109,37396
1400000US17031804201,56838
1400000US17031804202,42949
1400000US17031804305,52222
1400000US17031804306,34183
1400000US17031804308,65114
1400000US17031804309,60833
1400000US17031804310,74571
1400000US17031804311,62321
1400000US17031804403,50590
1400000US17031804404,40472
1400000US17031804405,55492
1400000US17031804406,35417
1400000US17031804505,55057
1400000US17031804506,48333
1400000US17031804507,56612
1400000US17031804508,56563
1400000US17031804509,-
1400000US17031804510,57721
1400000US17031804511,47333
1400000US17031804603,51605
1400000US17031804606,62071
1400000US17031804607,54038
1400000US17031804608,55132
1400000US17031804609,92404
1400000US17031804610,55417
1400000US17031804611,49076
1400000US17031804701,40172
1400000US17031804705,39293
1400000US17031804706,96750
1400000US17031804709,35625
1400000US17031804710,39050
1400000US17031804711,50582
1400000US17031804712,62500
1400000US17031804713,61758
1400000US17031804714,53125
1400000US17031804715,47984
1400000US17031804716,46111
1400000US17031804803,60957
1400000US17031804804,61071
1400000US17031804805,48597
1400000US17031804806,26146
1400000US17031804807,42731
1400000US17031804808,37045
1400000US17031804809,54286
1400000US17031804810,41964
1400000US17031804901,52059
1400000US17031804902,-
1400000US17031805001,37083
1400000US17031805002,36979
1400000US17031805105,45154
1400000US17031805106,43393
1400000US17031805107,39482
1400000US17031805108,45202
1400000US17031805109,26103
1400000US17031805110,49655
1400000US17031805111,41250
1400000US17031805112,21995
1400000US17031805201,47083
1400000US17031805202,40825
1400000US17031805301,25433
1400000US17031805302,27068
1400000US17031805401,40125
1400000US17031805402,30313
1400000US17031805501,42139
1400000US17031805502,41528
1400000US17031805600,42083
1400000US17031805701,52333
1400000US17031805702,50688
1400000US17031805801,40714
1400000US17031805802,67760
1400000US17031805901,40431
1400000US17031805902,51298
1400000US17031806001,37734
1400000US17031806002,38272
1400000US17031806003,26199
1400000US17031806004,31830
1400000US17031806102,52994
1400000US17031806103,35958
1400000US17031806104,32679
1400000US17031806201,45746
1400000US17031806202,34805
1400000US17031806300,52941
1400000US17031806400,-
1400000US17031806501,25938
1400000US17031806502,37857
1400000US17031806600,46667
1400000US17031806700,47083
1400000US17031806801,33188
1400000US17031806802,46719
1400000US17031806900,36250
1400000US17031807000,41550
1400000US17031807100,-
1400000US17031807200,38346
1400000US17031807300,27629
1400000US17031807400,39750
1400000US17031807500,41136
1400000US17031807600,-
1400000US17031807700,21818
1400000US17031807800,41111
1400000US17031807900,56591
1400000US17031808001,65000
1400000US17031808002,40659
1400000US17031808100,30300
1400000US17031808200,33125
1400000US17031808301,27987
1400000US17031808302,35179
1400000US17031808400,55972
1400000US17031808500,45221
1400000US17031808600,76477
1400000US17031808702,44044
1400000US17031808800,43315
1400000US17031808900,52344
1400000US17031809000,51875
1400000US17031809100,65167
1400000US17031809200,14142
1400000US17031809300,9615
1400000US17031809400,36250
1400000US17031809500,44050
1400000US17031809600,25750
1400000US17031809700,40739
1400000US17031809800,30217
1400000US17031809900,74886
1400000US17031810000,52042
1400000US17031810100,55292
1400000US17031810200,55962
1400000US17031810301,40547
1400000US17031810302,64609
1400000US17031810400,64167
1400000US17031810501,21823
1400000US17031810502,23684
1400000US17031810600,39397
1400000US17031810701,25652
1400000US17031810702,20417
1400000US17031810800,31982
1400000US17031810900,26991
1400000US17031811000,44625
1400000US17031811100,22461
1400000US17031811200,22367
1400000US17031811301,26214
1400000US17031811302,20850
1400000US17031811401,31547
1400000US17031811402,42879
1400000US17031811500,33922
1400000US17031811600,40167
1400000US17031811701,31833
1400000US17031811702,34102
1400000US17031811800,28864
1400000US17031811900,37443
1400000US17031812000,66071
1400000US17031812100,54130
1400000US17031812200,74306
1400000US17031812301,70308
1400000US17031812302,45000
1400000US17031812400,66500
1400000US17031812500,21029
1400000US17031812600,45714
1400000US17031812700,40054
1400000US17031812801,36336
1400000US17031812802,51250
1400000US17031812900,45455
1400000US17031813000,46289
1400000US17031813100,51719
1400000US17031813200,57321
1400000US17031813301,28750
1400000US17031813302,32727
1400000US17031813400,25625
1400000US17031813500,40833
1400000US17031813600,-
1400000US17031813701,25375
1400000US17031813702,30338
1400000US17031813801,26481
1400000US17031813802,18138
1400000US17031813900,24375
1400000US17031814000,37917
1400000US17031814100,27679
1400000US17031814200,35536
1400000US17031814300,18603
1400000US17031814400,32368
1400000US17031814500,43224
1400000US17031814600,39306
1400000US17031814700,39365
1400000US17031814800,34969
1400000US17031814900,32137
1400000US17031815000,35515
1400000US17031815100,38906
1400000US17031815200,17099
1400000US17031815300,37556
1400000US17031815400,40444
1400000US17031815500,24970
1400000US17031815600,51276
1400000US17031815701,59375
1400000US17031815702,51875
1400000US17031815800,-
1400000US17031815900,41027
1400000US17031816000,41563
1400000US17031816100,32399
1400000US17031816200,19730
1400000US17031816300,51505
1400000US17031816401,31875
1400000US17031816402,36917
1400000US17031816500,14637
1400000US17031816600,25875
1400000US17031816700,25474
1400000US17031816800,28919
1400000US17031816900,27614
1400000US17031817000,28295
1400000US17031817101,35074
1400000US17031817102,54028
1400000US17031817200,22471
1400000US17031817300,13155
1400000US17031817400,36484
1400000US17031817500,13635
1400000US17031817600,34545
1400000US17031817700,29740
1400000US17031817900,35286
1400000US17031818000,25379
1400000US17031818100,30625
1400000US17031818200,47679
1400000US17031818300,38313
1400000US17031818401,47656
1400000US17031818402,51611
1400000US17031818500,33862
1400000US17031818600,39406
1400000US17031818700,40547
1400000US17031818800,33750
1400000US17031818900,49907
1400000US17031819000,34167
1400000US17031819100,30990
1400000US17031819200,42798
1400000US17031819300,37151
1400000US17031819400,43824
1400000US17031819500,50833
1400000US17031819600,55556
1400000US17031819700,52083
1400000US17031819801,55625
1400000US17031819802,63250
1400000US17031819900,73681
1400000US17031820000,70313
1400000US17031820101,45625
1400000US17031820103,43750
1400000US17031820104,35573
1400000US17031820201,48393
1400000US17031820202,36776
1400000US17031820300,41181
1400000US17031820400,31250
1400000US17031820501,38563
1400000US17031820502,22450
1400000US17031820603,37800
1400000US17031820604,27463
1400000US17031820605,31771
1400000US17031820606,36500
1400000US17031820700,36600
1400000US17031820800,41932
1400000US17031820901,27523
1400000US17031820902,26505
1400000US17031821001,34349
1400000US17031821002,27750
1400000US17031821101,49853
1400000US17031821102,-
1400000US17031821200,26354
1400000US17031821300,27459
1400000US17031821401,36964
1400000US17031821402,26558
1400000US17031821500,18214
1400000US17031821600,33438
1400000US17031821700,35893
1400000US17031821800,37727
1400000US17031821900,36948
1400000US17031822000,29028
1400000US17031822101,37500
1400000US17031822102,36051
1400000US17031822200,34722
1400000US17031822301,20313
1400000US17031822302,32159
1400000US17031822400,25505
1400000US17031822500,51250
1400000US17031822601,40341
1400000US17031822602,44779
1400000US17031822701,34026
1400000US17031822702,34200
1400000US17031822801,36434
1400000US17031822802,37500
1400000US17031822900,35888
1400000US17031823001,35556
1400000US17031823002,31580
1400000US17031823101,35461
1400000US17031823102,25539
1400000US17031823200,42679
1400000US17031823302,38900
1400000US17031823303,43639
1400000US17031823304,25778
1400000US17031823400,30188
1400000US17031823500,40321
1400000US17031823602,26580
1400000US17031823603,20625
1400000US17031823604,42379
1400000US17031823605,39050
1400000US17031823702,38537
1400000US17031823703,36907
1400000US17031823704,59048
1400000US17031823705,33750
1400000US17031823801,27306
1400000US17031823803,47792
1400000US17031823805,32917
1400000US17031823806,29737
1400000US17031823901,40761
1400000US17031823903,42917
1400000US17031823904,42670
1400000US17031824003,68611
1400000US17031824004,23633
1400000US17031824005,40179
1400000US17031824006,72778
1400000US17031824105,40882
1400000US17031824106,42748
1400000US17031824107,28462
1400000US17031824108,34219
1400000US17031824113,61157
1400000US17031824114,52344
1400000US17031824115,56806
1400000US17031824116,43447
1400000US17031824117,64759
1400000US17031824119,56377
1400000US17031824120,41033
1400000US17031824121,41932
1400000US17031824122,39886
1400000US17031824123,33986
1400000US17031824300,12444
1400000US17031824400,17168
1400000US17031824503,49531
1400000US17031824505,56250
1400000US17031824506,38295
1400000US17031824507,43750
1400000US17031824601,44940
1400000US17031824602,37241
1400000US17031824701,60369
1400000US17031824702,24900
1400000US17031824800,27045
1400000US17031824900,18942
1400000US17031825000,33526
1400000US17031825200,42500
1400000US17031825302,50673
1400000US17031825303,41985
1400000US17031825304,55577
1400000US17031825400,42893
1400000US17031825501,28288
1400000US17031825503,37606
1400000US17031825504,41477
1400000US17031825505,61898
1400000US17031825600,26250
1400000US17031825700,33558
1400000US17031825801,35365
1400000US17031825802,31023
1400000US17031825803,28021
1400000US17031825900,31984
1400000US17031826000,20259
1400000US17031826100,31644
1400000US17031826201,22449
1400000US17031826202,33092
1400000US17031826301,39688
1400000US17031826303,37065
1400000US17031826304,26389
1400000US17031826401,22917
1400000US17031826402,41827
1400000US17031826500,22250
1400000US17031826600,22230
1400000US17031826700,18409
1400000US17031826800,29318
1400000US17031826901,14722
1400000US17031826902,-
1400000US17031827000,12222
1400000US17031827100,15904
1400000US17031827200,22692
1400000US17031827300,11333
1400000US17031827400,11616
1400000US17031827500,13816
1400000US17031827600,22604
1400000US17031827700,32571
1400000US17031827801,23958
1400000US17031827802,52125
1400000US17031827804,34967
1400000US17031827805,35938
1400000US17031827901,52188
1400000US17031827902,38490
1400000US17031828000,27702
1400000US17031828100,-
1400000US17031828201,42942
1400000US17031828202,33622
1400000US17031828300,30929
1400000US17031828401,46382
1400000US17031828402,40067
1400000US17031828503,19699
1400000US17031828504,25313
1400000US17031828505,24347
1400000US17031828506,31198
1400000US17031828601,35781
1400000US17031828602,32656
1400000US17031828701,36250
1400000US17031828702,32950
1400000US17031828801,48438
1400000US17031828802,55000
1400000US17031828900,17614
1400000US17031829000,11375
1400000US17031829100,8441
1400000US17031829200,31250
1400000US17031829301,30905
1400000US17031829302,15365
1400000US17031829401,28571
1400000US17031829402,29947
1400000US17031829500,16402
1400000US17031829600,26667
1400000US17031829700,13125
1400000US17031829800,79719
1400000US17031829901,38770
1400000US17031829902,49188
1400000US17031830001,33214
1400000US17031830003,52598
1400000US17031830004,-
1400000US17031830005,60313
1400000US17031830006,37361
1400000US17031830007,35331
1400000US17031830008,50893
1400000US17031830100,51278
1400000US17031830201,31188
1400000US17031830202,47500
1400000US17031830300,19913
1400000US17031830400,33125
1400000US17031830500,45682
1400000US17031830600,48297
1400000US17031830700,41513
1400000US17031830800,63571
1400000US17031830900,89861
1400000US17031831000,110764
1400000US17031831100,46705
1400000US17031831200,32115
1400000US17031831300,38083
1400000US17031831400,20938
1400000US17031831500,41307
1400000US17031831600,22893
1400000US17031831700,-
1400000US17031831800,36518
1400000US17031831900,81122
1400000US17031832000,84412
1400000US17031832100,55625
1400000US17031832200,71172
1400000US17031832300,86250
1400000US17031832400,85639
1400000US17031832500,73456
1400000US17031832600,123587
1400000US17031832900,25071
1400000US17031833000,85439
1400000US17031833100,87973
1400000US17031833300,26912
1400000US17031833900,-
1400000US17031834000,21891
1400000US17031834200,15642
1400000US17031834300,23269
1400000US17031834400,23220
1400000US17031834500,19697
1400000US17031834600,16442
1400000US17031834700,18906
1400000US17031834800,13476
1400000US17031834900,12870
1400000US17031835000,18022
1400000US17031835100,26114
1400000US17031835200,35556
1400000US17031835500,11005
1400000US17031835600,19569
1400000US17031835700,-
1400000US17031835800,72500
1400000US17031835900,14422
1400000US17031836000,52596
1400000US17031836100,18654
1400000US17031836200,33438
1400000US17031836300,36250
1400000US17031836400,15547
1400000US17031836500,28021
1400000US17031836600,30930
1400000US17031836700,14402
1400000US17031836800,9088
1400000US17031836900,-
1400000US17031837000,23182
1400000US17031837100,13655
1400000US17031837300,20833
1400000US17031837400,27969
1400000US17031837800,62794
1400000US17031838000,13324
1400000US17031838100,12875
1400000US17031838200,19500
1400000US17031838300,42045
1400000US17031838600,9729
1400000US17031838700,16023
1400000US17031838800,12382
1400000US17031839000,77927
1400000US17031839100,80375
1400000US17031839200,24478
1400000US17031839500,13452
1400000US17031839600,17447
1400000US17031839700,36500
1400000US17031839800,43561
1400000US17031839900,38958
1400000US17031840000,50485
1400000US17031840100,20188
1400000US17031840200,24563
1400000US17031840300,41111
1400000US17031840400,21354
1400000US17031840700,27361
1400000US17031840800,16007
1400000US17031841000,52333
1400000US17031841100,18918
1400000US17031841200,30968
1400000US17031841300,42300
1400000US17031841400,20417
1400000US17031841500,18690
1400000US17031841600,19750
1400000US17031841700,11526
1400000US17031841800,24950
1400000US17031841900,104542
1400000US17031842000,77600
1400000US17031842100,41103
1400000US17031842200,85313
1400000US17031842300,100045
1400000US17031842400,27114
1400000US17031842500,15455
1400000US17031842600,55972
1400000US17031842800,29007
1400000US17031842900,18614
1400000US17031843000,13032
1400000US17031843100,13710
1400000US17031843200,41719
1400000US17031843300,44667
1400000US17031843400,17692
1400000US17031843500,20469
1400000US17031843600,27548
1400000US17031843700,67813
1400000US17031843800,31354
1400000US17031843900,25656
1400000US17031980000,-
1400000US17031980100,-
1400000US17031990000,-
1400000US17033880100,43140
1400000US17033880200,29605
1400000US17033880300,28571
1400000US17033880400,25972
1400000US17033880500,26042
1400000US17033880600,27616
1400000US17035972400,28393
1400000US17035972500,23661
1400000US17035972600,28125
1400000US17037000100,41127
1400000US17037000200,36250
1400000US17037000300,47167
1400000US17037000400,72031
1400000US17037000500,39737
1400000US17037000600,41116
1400000US17037000700,37050
1400000US17037000800,47917
1400000US17037000900,36250
1400000US17037001001,23443
1400000US17037001002,18066
1400000US17037001300,33355
1400000US17037001400,32277
1400000US17037001500,34123
1400000US17037001600,45714
1400000US17037001700,33864
1400000US17037001800,40236
1400000US17037001900,42375
1400000US17037002000,36500
1400000US17037002100,27264
1400000US17037002200,11645
1400000US17039971400,22457
1400000US17039971500,47279
1400000US17039971600,41200
1400000US17039971700,35321
1400000US17039971800,29076
1400000US17041952000,33281
1400000US17041952100,35214
1400000US17041952200,26467
1400000US17041952300,28906
1400000US17041952400,40385
1400000US17043840000,50750
1400000US17043840101,41389
1400000US17043840102,46250
1400000US17043840103,31336
1400000US17043840104,-
1400000US17043840201,48188
1400000US17043840202,38690
1400000US17043840303,34654
1400000US17043840304,53083
1400000US17043840600,47981
1400000US17043840703,39083
1400000US17043840704,32656
1400000US17043840705,39798
1400000US17043840706,40987
1400000US17043840801,19708
1400000US17043840802,54545
1400000US17043840901,43482
1400000US17043840904,50556
1400000US17043840906,47169
1400000US17043840907,25682
1400000US17043840908,60719
1400000US17043840910,41382
1400000US17043840911,57500
1400000US17043841002,45625
1400000US17043841003,41875
1400000US17043841004,33913
1400000US17043841102,46739
1400000US17043841103,51591
1400000US17043841104,65033
1400000US17043841108,56108
1400000US17043841109,41541
1400000US17043841110,37778
1400000US17043841111,51944
1400000US17043841112,52708
1400000US17043841113,47045
1400000US17043841114,57981
1400000US17043841204,47656
1400000US17043841205,49635
1400000US17043841206,43603
1400000US17043841207,50038
1400000US17043841208,60809
1400000US17043841209,61250
1400000US17043841210,52833
1400000US17043841307,70125
1400000US17043841308,26694
1400000US17043841310,76250
1400000US17043841312,46964
1400000US17043841313,37778
1400000US17043841314,42537
1400000US17043841315,64000
1400000US17043841316,41806
1400000US17043841318,52292
1400000US17043841320,67000
1400000US17043841321,51000
1400000US17043841322,63125
1400000US17043841323,45032
1400000US17043841324,37396
1400000US17043841325,63098
1400000US17043841326,95781
1400000US17043841327,-
1400000US17043841401,44826
1400000US17043841403,56350
1400000US17043841404,42386
1400000US17043841501,34335
1400000US17043841503,56250
1400000US17043841504,24079
1400000US17043841603,50313
1400000US17043841604,61189
1400000US17043841605,53750
1400000US17043841606,85682
1400000US17043841607,60417
1400000US17043841703,30313
1400000US17043841704,"2,500-"
1400000US17043841705,47770
1400000US17043841706,47572
1400000US17043841801,47332
1400000US17043841802,60139
1400000US17043841901,37250
1400000US17043841902,26458
1400000US17043842000,56964
1400000US17043842100,54177
1400000US17043842200,32283
1400000US17043842300,45536
1400000US17043842400,47656
1400000US17043842500,53021
1400000US17043842601,71719
1400000US17043842602,66719
1400000US17043842603,37021
1400000US17043842604,35052
1400000US17043842605,61300
1400000US17043842702,52972
1400000US17043842703,46417
1400000US17043842704,43182
1400000US17043842706,60174
1400000US17043842708,52206
1400000US17043842709,58281
1400000US17043842710,41406
1400000US17043842711,76477
1400000US17043842800,-
1400000US17043842900,67057
1400000US17043843000,37321
1400000US17043843100,32306
1400000US17043843200,35817
1400000US17043843301,61528
1400000US17043843302,41364
1400000US17043843400,55278
1400000US17043843500,44028
1400000US17043843601,32132
1400000US17043843602,39821
1400000US17043843700,41389
1400000US17043843800,55625
1400000US17043843900,41914
1400000US17043844001,49688
1400000US17043844002,44167
1400000US17043844100,58000
1400000US17043844201,34313
1400000US17043844202,44907
1400000US17043844301,55594
1400000US17043844304,52576
1400000US17043844305,36811
1400000US17043844306,53106
1400000US17043844307,75036
1400000US17043844401,52672
1400000US17043844402,31932
1400000US17043844501,41768
1400000US17043844502,23171
1400000US17043844601,51528
1400000US17043844602,55938
1400000US17043844701,50568
1400000US17043844702,50114
1400000US17043844801,27137
1400000US17043844802,31875
1400000US17043844901,48594
1400000US17043844902,21824
1400000US17043845000,28315
1400000US17043845100,68125
1400000US17043845200,77159
1400000US17043845300,68036
1400000US17043845401,46122
1400000US17043845402,46010
1400000US17043845502,51610
1400000US17043845505,31528
1400000US17043845506,28672
1400000US17043845507,81071
1400000US17043845508,35481
1400000US17043845509,61250
1400000US17043845510,45417
1400000US17043845601,35343
1400000US17043845602,36654
1400000US17043845701,40875
1400000US17043845702,67813
1400000US17043845703,38527
1400000US17043845704,48661
1400000US17043845802,50250
1400000US17043845803,53333
1400000US17043845805,51278
1400000US17043845807,51036
1400000US17043845808,-
1400000US17043845809,53092
1400000US17043845810,46983
1400000US17043845811,25395
1400000US17043845901,47000
1400000US17043845902,39167
1400000US17043846002,45608
1400000US17043846003,49442
1400000US17043846004,32159
1400000US17043846102,44844
1400000US17043846103,45682
1400000US17043846104,40909
1400000US17043846105,63214
1400000US17043846106,81042
1400000US17043846201,64394
1400000US17043846202,55168
1400000US17043846203,54625
1400000US17043846205,39167
1400000US17043846206,57344
1400000US17043846207,56691
1400000US17043846208,37917
1400000US17043846209,46364
1400000US17043846304,40125
1400000US17043846305,35603
1400000US17043846307,36610
1400000US17043846308,57344
1400000US17043846310,39141
1400000US17043846311,58980
1400000US17043846312,43493
1400000US17043846313,62258
1400000US17043846314,52460
1400000US17043846315,44861
1400000US17043846404,52455
1400000US17043846405,31471
1400000US17043846408,103125
1400000US17043846409,76250
1400000US17043846410,52008
1400000US17043846411,58750
1400000US17043846412,58777
1400000US17043846413,53571
1400000US17043846504,41176
1400000US17043846507,56979
1400000US17043846509,57278
1400000US17043846510,67009
1400000US17043846511,39940
1400000US17043846513,67500
1400000US17043846514,132875
1400000US17043846515,46397
1400000US17043846517,68594
1400000US17043846518,66010
1400000US17043846519,55729
1400000US17043846521,75313
1400000US17043846522,76458
1400000US17043846523,71250
1400000US17043846524,77955
1400000US17043846603,21817
1400000US17043846604,26080
1400000US17043846701,40204
1400000US17043846702,24464
1400000US17045070100,34107
1400000US17045070200,37292
1400000US17045070300,23359
1400000US17045070400,20091
1400000US17045070500,30774
1400000US17047956900,28056
1400000US17047957000,30750
1400000US17047957100,28472
1400000US17049950100,31154
1400000US17049950200,29940
1400000US17049950300,27757
1400000US17049950400,28750
1400000US17049950500,31096
1400000US17049950600,26667
1400000US17049950700,30778
1400000US17049950800,23750
1400000US17051950500,21250
1400000US17051950600,30000
1400000US17051950700,30038
1400000US17051950800,26907
1400000US17051950900,19261
1400000US17051951000,41583
1400000US17051951100,21250
1400000US17053961600,32857
1400000US17053961700,28542
1400000US17053961800,28289
1400000US17053961900,53182
1400000US17053962000,25724
1400000US17055040100,21776
1400000US17055040200,25321
1400000US17055040300,21691
1400000US17055040400,23704
1400000US17055040500,20056
1400000US17055040600,26477
1400000US17055040700,33750
1400000US17055040800,20932
1400000US17055040900,16548
1400000US17055041000,12353
1400000US17055041100,21729
1400000US17055041200,19659
1400000US17057952800,31350
1400000US17057952900,41932
1400000US17057953000,30213
1400000US17057953100,25114
1400000US17057953200,26563
1400000US17057953300,31528
1400000US17057953400,24811
1400000US17057953500,26375
1400000US17057953600,22359
1400000US17057953700,24911
1400000US17057953800,28929
1400000US17057953900,28295
1400000US17059972700,23750
1400000US17059972800,19676
1400000US17061973600,24901
1400000US17061973700,25729
1400000US17061973800,26324
1400000US17061973900,29750
1400000US17061974000,28009
1400000US17063000102,32255
1400000US17063000103,68854
1400000US17063000200,20612
1400000US17063000300,43548
1400000US17063000400,28004
1400000US17063000500,67955
1400000US17063000600,35000
1400000US17063000700,41477
1400000US17063000800,40850
1400000US17063000900,31719
1400000US17065973100,22793
1400000US17065973200,33333
1400000US17065973300,25625
1400000US17067953700,23571
1400000US17067953800,25667
1400000US17067953900,24875
1400000US17067954000,32500
1400000US17067954100,31541
1400000US17067954200,21161
1400000US17067954300,33649
1400000US17069970900,15508
1400000US17069971000,29844
1400000US17071973300,29750
1400000US17071973400,28967
1400000US17071973500,36250
1400000US17073030100,36969
1400000US17073030201,46500
1400000US17073030202,33221
1400000US17073030203,36343
1400000US17073030300,26165
1400000US17073030400,26949
1400000US17073030500,29167
1400000US17073030600,24659
1400000US17073030800,13408
1400000US17073030900,24897
1400000US17073031000,19195
1400000US17073031100,29250
1400000US17073031200,36250
1400000US17075950100,28750
1400000US17075950200,26791
1400000US17075950300,29643
1400000US17075950400,21039
1400000US17075950500,28363
1400000US17075950600,31042
1400000US17075950700,39712
1400000US17075950800,27569
1400000US17075950900,18782
1400000US17077010100,33250
1400000US17077010200,28125
1400000US17077010300,31429
1400000US17077010400,28649
1400000US17077010600,29375
1400000US17077010700,16278
1400000US17077010800,24612
1400000US17077010900,-
1400000US17077011000,35023
1400000US17077011100,6882
1400000US17077011200,12406
1400000US17077011400,13867
1400000US17077011600,36420
1400000US17077011700,16581
1400000US17079977300,29211
1400000US17079977400,17083
1400000US17079977500,28750
1400000US17081050100,28173
1400000US17081050200,26688
1400000US17081050300,20927
1400000US17081050400,24632
1400000US17081050500,18578
1400000US17081050600,45094
1400000US17081050700,25625
1400000US17081050800,28269
1400000US17081050900,40110
1400000US17081051000,18796
1400000US17081051100,18018
1400000US17083010100,24286
1400000US17083010200,37525
1400000US17083010300,37125
1400000US17083010401,30083
1400000US17083010402,26875
1400000US17083010500,21198
1400000US17085020100,30506
1400000US17085020200,31915
1400000US17085020300,29235
1400000US17085020401,47554
1400000US17085020402,27734
1400000US17085020500,30363
1400000US17087977600,23371
1400000US17087977700,28125
1400000US17087977800,17173
1400000US17087980000,-
1400000US17089850101,65750
1400000US17089850103,61667
1400000US17089850105,88100
1400000US17089850106,61389
1400000US17089850201,40871
1400000US17089850202,28194
1400000US17089850301,24783
1400000US17089850302,36985
1400000US17089850400,33375
1400000US17089850500,41530
1400000US17089850600,61413
1400000US17089850701,70237
1400000US17089850702,37716
1400000US17089850703,34286
1400000US17089850800,27936
1400000US17089851000,35896
1400000US17089851101,34219
1400000US17089851102,29279
1400000US17089851301,31667
1400000US17089851302,29167
1400000US17089851400,40139
1400000US17089851500,24792
1400000US17089851600,20422
1400000US17089851801,56696
1400000US17089851904,-
1400000US17089851905,61494
1400000US17089851907,45487
1400000US17089851908,44375
1400000US17089851909,55139
1400000US17089851910,36364
1400000US17089852001,44052
1400000US17089852002,55250
1400000US17089852003,45234
1400000US17089852101,54191
1400000US17089852102,59286
1400000US17089852201,50399
1400000US17089852202,38986
1400000US17089852300,31781
1400000US17089852401,82604
1400000US17089852402,-
1400000US17089852403,62031
1400000US17089852500,56250
1400000US17089852601,55231
1400000US17089852606,42386
1400000US17089852700,36348
1400000US17089852803,25192
1400000US17089852805,56250
1400000US17089852806,44764
1400000US17089852807,81429
1400000US17089852808,41172
1400000US17089852903,43077
1400000US17089852904,25588
1400000US17089852905,-
1400000US17089852906,21523
1400000US17089852907,23667
1400000US17089853001,44464
1400000US17089853004,38977
1400000US17089853005,38716
1400000US17089853006,25595
1400000US17089853007,47756
1400000US17089853008,36250
1400000US17089853100,51364
1400000US17089853200,30842
1400000US17089853300,36488
1400000US17089853400,30375
1400000US17089853500,30221
1400000US17089853600,32560
1400000US17089853900,36471
1400000US17089854001,28423
1400000US17089854002,29803
1400000US17089854100,25417
1400000US17089854200,22951
1400000US17089854301,33214
1400000US17089854302,28917
1400000US17089854400,30870
1400000US17089854501,46563
1400000US17089854503,67538
1400000US17089854504,60688
1400000US17089854600,51061
1400000US17089854700,28889
1400000US17089854800,44227
1400000US17089854900,40462
1400000US17091010100,28698
1400000US17091010201,50486
1400000US17091010202,31190
1400000US17091010300,53056
1400000US17091010400,36587
1400000US17091010500,41118
1400000US17091010601,32614
1400000US17091010602,38472
1400000US17091010701,45000
1400000US17091010702,37676
1400000US17091010800,28516
1400000US17091010900,36786
1400000US17091011000,14095
1400000US17091011100,46667
1400000US17091011200,38333
1400000US17091011300,45720
1400000US17091011400,16767
1400000US17091011500,17563
1400000US17091011600,18214
1400000US17091011700,23958
1400000US17091011800,30093
1400000US17091011900,38750
1400000US17091012000,30188
1400000US17091012100,44375
1400000US17091012200,30969
1400000US17091012300,18455
1400000US17091012400,23090
1400000US17091012500,24258
1400000US17091012600,31302
1400000US17093890101,65056
1400000US17093890102,50163
1400000US17093890201,60441
1400000US17093890202,29688
1400000US17093890301,52595
1400000US17093890302,60774
1400000US17093890400,64913
1400000US17093890500,36061
1400000US17093890600,36500
1400000US17093890700,46875
1400000US17095000100,34464
1400000US17095000200,36250
1400000US17095000300,31948
1400000US17095000400,19446
1400000US17095000500,35142
1400000US17095000600,21232
1400000US17095000700,25000
1400000US17095000800,14485
1400000US17095000900,22620
1400000US17095001000,26918
1400000US17095001100,18403
1400000US17095001200,27232
1400000US17095001300,31042
1400000US17095001400,31667
1400000US17095001500,27745
1400000US17095001600,31328
1400000US17097860101,40395
1400000US17097860103,72969
1400000US17097860104,34737
1400000US17097860200,32208
1400000US17097860301,15379
1400000US17097860302,21406
1400000US17097860400,55772
1400000US17097860500,19678
1400000US17097860600,26529
1400000US17097860805,41741
1400000US17097860806,44844
1400000US17097860807,32772
1400000US17097860808,41192
1400000US17097860809,60833
1400000US17097860810,33750
1400000US17097860811,37467
1400000US17097860903,35408
1400000US17097860904,48409
1400000US17097860905,48321
1400000US17097860906,46607
1400000US17097861007,100573
1400000US17097861008,47426
1400000US17097861009,60179
1400000US17097861010,42622
1400000US17097861011,65329
1400000US17097861012,36402
1400000US17097861013,43977
1400000US17097861014,53365
1400000US17097861105,56895
1400000US17097861106,66146
1400000US17097861107,42102
1400000US17097861108,17692
1400000US17097861201,23819
1400000US17097861202,34250
1400000US17097861301,38391
1400000US17097861303,-
1400000US17097861304,46250
1400000US17097861402,55219
1400000US17097861403,25208
1400000US17097861404,44167
1400000US17097861504,45650
1400000US17097861505,62019
1400000US17097861506,42139
1400000US17097861507,35833
1400000US17097861508,48750
1400000US17097861509,52321
1400000US17097861510,-
1400000US17097861603,43603
1400000US17097861604,58250
1400000US17097861607,56641
1400000US17097861608,58611
1400000US17097861609,50972
1400000US17097861610,75588
1400000US17097861611,63542
1400000US17097861701,42292
1400000US17097861702,31591
1400000US17097861803,32483
1400000US17097861804,31410
1400000US17097861901,60104
1400000US17097861902,30390
1400000US17097862000,41496
1400000US17097862100,35346
1400000US17097862200,38269
1400000US17097862300,12973
1400000US17097862401,19417
1400000US17097862402,25125
1400000US17097862501,30893
1400000US17097862502,20750
1400000US17097862603,35145
1400000US17097862604,36618
1400000US17097862605,22692
1400000US17097862700,17500
1400000US17097862800,20781
1400000US17097862901,25494
1400000US17097862902,16213
1400000US17097863003,-
1400000US17097863004,-
1400000US17097863005,-
1400000US17097863006,-
1400000US17097863100,18885
1400000US17097863201,34821
1400000US17097863202,59231
1400000US17097863300,52500
1400000US17097863400,52222
1400000US17097863500,65781
1400000US17097863601,71944
1400000US17097863603,75294
1400000US17097863604,42708
1400000US17097863701,53542
1400000US17097863702,55607
1400000US17097863801,49250
1400000US17097863902,59000
1400000US17097863903,50000
1400000US17097863904,79531
1400000US17097864001,33516
1400000US17097864002,42986
1400000US17097864101,34031
1400000US17097864105,59375
1400000US17097864106,44500
1400000US17097864107,50223
1400000US17097864108,54115
1400000US17097864203,72713
1400000US17097864204,31552
1400000US17097864205,61159
1400000US17097864206,36250
1400000US17097864303,70833
1400000US17097864305,51136
1400000US17097864306,60114
1400000US17097864307,37500
1400000US17097864308,41719
1400000US17097864402,45682
1400000US17097864403,57697
1400000US17097864407,-
1400000US17097864408,49464
1400000US17097864409,60893
1400000US17097864410,92656
1400000US17097864411,51250
1400000US17097864412,47727
1400000US17097864505,77926
1400000US17097864510,68224
1400000US17097864511,40852
1400000US17097864512,39375
1400000US17097864513,52083
1400000US17097864514,93125
1400000US17097864515,81875
1400000US17097864516,46875
1400000US17097864517,63333
1400000US17097864518,72656
1400000US17097864519,69099
1400000US17097864520,55000
1400000US17097864521,42721
1400000US17097864522,64844
1400000US17097864601,119500
1400000US17097864602,-
1400000US17097864700,74219
1400000US17097864801,58750
1400000US17097864802,92063
1400000US17097864901,59444
1400000US17097864903,71458
1400000US17097864904,40750
1400000US17097865000,96250
1400000US17097865200,37232
1400000US17097865300,64697
1400000US17097865400,38750
1400000US17097865501,78098
1400000US17097865502,81500
1400000US17097865600,40862
1400000US17097865700,34241
1400000US17097865801,70179
1400000US17097865802,42656
1400000US17097866000,57396
1400000US17097866100,22425
1400000US17097866200,61579
1400000US17097990000,-
1400000US17099961701,34911
1400000US17099961702,38438
1400000US17099961800,35000
1400000US17099961900,27639
1400000US17099962000,29286
1400000US17099962100,43269
1400000US17099962200,42031
1400000US17099962300,36893
1400000US17099962400,29242
1400000US17099962500,36146
1400000US17099962600,29420
1400000US17099962700,29659
1400000US17099962800,26528
1400000US17099962900,25865
1400000US17099963000,19484
1400000US17099963100,41029
1400000US17099963200,36888
1400000US17099963300,14770
1400000US17099963400,29306
1400000US17099963500,41051
1400000US17099963600,38194
1400000US17099963700,31786
1400000US17099963800,35474
1400000US17099963900,21111
1400000US17099964000,35938
1400000US17099964100,30145
1400000US17099964200,28558
1400000US17099964300,19125
1400000US17101880700,35852
1400000US17101880800,30257
1400000US17101880900,25329
1400000US17101881000,20278
1400000US17101881100,34648
1400000US17103000100,32938
1400000US17103000200,30000
1400000US17103000300,36563
1400000US17103000400,28462
1400000US17103000500,32063
1400000US17103000600,24605
1400000US17103000700,41607
1400000US17103000800,23313
1400000US17103000900,38750
1400000US17105960100,31458
1400000US17105960200,34239
1400000US17105960300,29549
1400000US17105960400,36583
1400000US17105960500,19926
1400000US17105960600,30734
1400000US17105960700,33912
1400000US17105960800,25538
1400000US17105960900,28000
1400000US17105961000,22500
1400000US17107952900,37431
1400000US17107953000,35078
1400000US17107953100,31569
1400000US17107953200,34132
1400000US17107953300,28098
1400000US17107953400,35545
1400000US17107953500,41786
1400000US17107953600,40000
1400000US17109010100,25052
1400000US17109010200,31042
1400000US17109010300,45494
1400000US17109010400,12321
1400000US17109010500,"2,500-"
1400000US17109010600,32275
1400000US17109010700,24435
1400000US17109010900,19022
1400000US17109011000,23043
1400000US17109011100,26750
1400000US17111870101,35735
1400000US17111870102,49211
1400000US17111870200,51153
1400000US17111870301,36528
1400000US17111870302,24316
1400000US17111870401,51863
1400000US17111870402,34667
1400000US17111870500,45635
1400000US17111870603,32339
1400000US17111870604,31435
1400000US17111870605,31912
1400000US17111870606,25029
1400000US17111870702,54042
1400000US17111870703,41875
1400000US17111870704,44231
1400000US17111870803,47014
1400000US17111870807,44438
1400000US17111870808,50833
1400000US17111870809,40833
1400000US17111870810,41827
1400000US17111870811,44063
1400000US17111870812,52442
1400000US17111870902,41767
1400000US17111870903,35930
1400000US17111870904,26202
1400000US17111870905,39737
1400000US17111871003,41212
1400000US17111871004,33519
1400000US17111871104,56944
1400000US17111871105,37452
1400000US17111871106,51250
1400000US17111871107,65469
1400000US17111871108,79375
1400000US17111871109,87917
1400000US17111871201,44949
1400000US17111871202,44659
1400000US17111871205,48000
1400000US17111871206,40536
1400000US17111871207,47273
1400000US17111871208,30170
1400000US17111871209,57368
1400000US17111871301,53542
1400000US17111871304,47056
1400000US17111871305,51111
1400000US17111871306,57725
1400000US17111871307,41161
1400000US17111871310,46528
1400000US17111871311,57321
1400000US17111871402,49175
1400000US17111871404,34020
1400000US17111871500,40795
1400000US17111871600,59286
1400000US17113000102,30370
1400000US17113000104,30938
1400000US17113000105,43824
1400000US17113000200,9511
1400000US17113000301,25134
1400000US17113000302,40792
1400000US17113000400,23629
1400000US17113000501,17987
1400000US17113000502,64083
1400000US17113000504,39896
1400000US17113000505,98438
1400000US17113001103,56429
1400000US17113001104,42137
1400000US17113001105,52829
1400000US17113001106,51667
1400000US17113001200,36250
1400000US17113001301,22095
1400000US17113001302,23466
1400000US17113001303,31625
1400000US17113001402,34423
1400000US17113001403,31894
1400000US17113001404,33242
1400000US17113001500,25298
1400000US17113001600,22750
1400000US17113001700,27500
1400000US17113001800,41283
1400000US17113002101,39716
1400000US17113002102,42000
1400000US17113005101,78125
1400000US17113005102,39245
1400000US17113005201,52321
1400000US17113005202,49375
1400000US17113005400,50179
1400000US17113005501,42005
1400000US17113005502,34107
1400000US17113005601,35417
1400000US17113005602,44276
1400000US17113005700,37639
1400000US17113005800,43822
1400000US17113005900,21413
1400000US17113006000,44313
1400000US17115000200,20781
1400000US17115000300,19063
1400000US17115000400,26429
1400000US17115000500,12284
1400000US17115000600,13914
1400000US17115000900,16389
1400000US17115001000,25208
1400000US17115001100,41793
1400000US17115001200,26711
1400000US17115001300,45547
1400000US17115001400,34338
1400000US17115001500,47708
1400000US17115001600,43661
1400000US17115001700,30192
1400000US17115001801,39500
1400000US17115001802,40593
1400000US17115001900,23804
1400000US17115002000,14889
1400000US17115002100,25313
1400000US17115002200,29773
1400000US17115002300,40048
1400000US17115002401,35962
1400000US17115002402,45469
1400000US17115002500,40928
1400000US17115002601,38929
1400000US17115002602,32984
1400000US17115002700,35938
1400000US17115002800,38125
1400000US17115002901,33015
1400000US17115002902,31528
1400000US17115002903,26595
1400000US17115002904,43092
1400000US17115003000,31087
1400000US17115003100,16736
1400000US17117956000,29444
1400000US17117956100,39563
1400000US17117956200,27734
1400000US17117956300,37083
1400000US17117956400,23271
1400000US17117956500,28659
1400000US17117956600,29207
1400000US17117956700,30673
1400000US17117956800,17917
1400000US17117956900,24246
1400000US17117957000,26107
1400000US17117957100,31016
1400000US17117957200,26959
1400000US17119400101,31250
1400000US17119400102,25440
1400000US17119400200,22356
1400000US17119400600,21559
1400000US17119400700,18859
1400000US17119400801,40833
1400000US17119400802,25714
1400000US17119400903,32917
1400000US17119400904,32917
1400000US17119400951,26081
1400000US17119400952,33235
1400000US17119401000,39688
1400000US17119401100,26189
1400000US17119401200,37738
1400000US17119401300,28700
1400000US17119401400,31125
1400000US17119401500,26667
1400000US17119401701,32500
1400000US17119401721,45313
1400000US17119401722,46250
1400000US17119401800,26866
1400000US17119401901,39342
1400000US17119401903,31563
1400000US17119401904,27750
1400000US17119402000,25357
1400000US17119402100,20938
1400000US17119402200,33295
1400000US17119402300,29531
1400000US17119402400,17143
1400000US17119402500,33750
1400000US17119402600,25492
1400000US17119402701,38676
1400000US17119402721,36490
1400000US17119402722,40907
1400000US17119402801,33819
1400000US17119402802,39688
1400000US17119402803,37176
1400000US17119402900,33354
1400000US17119403001,33047
1400000US17119403002,32798
1400000US17119403101,48510
1400000US17119403121,36250
1400000US17119403122,42929
1400000US17119403200,21827
1400000US17119403300,26067
1400000US17119403401,32500
1400000US17119403402,27745
1400000US17119403502,34569
1400000US17119403531,32342
1400000US17119403532,61318
1400000US17119403533,34636
1400000US17119403534,53309
1400000US17119403601,30938
1400000US17119403603,31523
1400000US17119403604,34960
1400000US17119403701,37656
1400000US17119403702,45938
1400000US17119403801,33974
1400000US17119403802,30089
1400000US17119404000,16077
1400000US17119404100,39246
1400000US17121951600,20787
1400000US17121951700,31635
1400000US17121951800,27391
1400000US17121951900,33472
1400000US17121952000,31193
1400000US17121952100,23438
1400000US17121952200,29848
1400000US17121952300,31339
1400000US17121952400,24141
1400000US17121952500,27924
1400000US17121952600,22083
1400000US17121952700,17222
1400000US17123961100,33986
1400000US17123961200,25875
1400000US17123961300,46458
1400000US17123961400,29554
1400000US17123961500,33269
1400000US17125956300,27115
1400000US17125956400,32727
1400000US17125956500,33009
1400000US17125956600,20192
1400000US17125956700,36111
1400000US17125956800,30545
1400000US17127970100,27389
1400000US17127970200,22941
1400000US17127970300,22966
1400000US17127970400,21477
1400000US17129010100,47891
1400000US17129010200,27321
1400000US17129010300,-
1400000US17131040100,27750
1400000US17131040200,32429
1400000US17131040300,32460
1400000US17131040400,37434
1400000US17133600101,29932
1400000US17133600102,40152
1400000US17133600401,28077
1400000US17133600402,46528
1400000US17133600501,29625
1400000US17133600502,33300
1400000US17135957300,21563
1400000US17135957400,22688
1400000US17135957500,29688
1400000US17135957600,50714
1400000US17135957700,25066
1400000US17135957800,16840
1400000US17135957900,27738
1400000US17135958000,29545
1400000US17137951400,29803
1400000US17137951500,36944
1400000US17137951600,21901
1400000US17137951700,21754
1400000US17137951800,28482
1400000US17137951900,51833
1400000US17137952000,27461
1400000US17137952100,29750
1400000US17137952200,46111
1400000US17137952300,28882
1400000US17139976900,33603
1400000US17139977000,35938
1400000US17139977100,29808
1400000US17139977200,28056
1400000US17141960700,33750
1400000US17141960800,26333
1400000US17141960900,30955
1400000US17141961000,28974
1400000US17141961100,26667
1400000US17141961200,23138
1400000US17141961300,36618
1400000US17141961400,22734
1400000US17141961500,33667
1400000US17141961600,36014
1400000US17141961700,41528
1400000US17143000100,11450
1400000US17143000200,28375
1400000US17143000300,19484
1400000US17143000500,15425
1400000US17143000600,24920
1400000US17143000900,10670
1400000US17143001200,15987
1400000US17143001300,16194
1400000US17143001500,19817
1400000US17143001600,22305
1400000US17143001800,25479
1400000US17143001900,14891
1400000US17143002000,54318
1400000US17143002100,21745
1400000US17143002200,40793
1400000US17143002300,31429
1400000US17143002400,40558
1400000US17143002500,24821
1400000US17143002600,42981
1400000US17143002701,30242
1400000US17143002702,27524
1400000US17143002800,35932
1400000US17143002900,36971
1400000US17143003000,52539
1400000US17143003101,42727
1400000US17143003102,42853
1400000US17143003200,30000
1400000US17143003300,59000
1400000US17143003401,52434
1400000US17143003402,44655
1400000US17143003601,36892
1400000US17143003602,28063
1400000US17143003700,36534
1400000US17143003800,44088
1400000US17143003900,50673
1400000US17143004000,39000
1400000US17143004101,37900
1400000US17143004102,18495
1400000US17143004200,32894
1400000US17143004300,36406
1400000US17143004400,34679
1400000US17143004500,45850
1400000US17143004600,32401
1400000US17143004801,38704
1400000US17143004802,35854
1400000US17143004901,40119
1400000US17143004902,37614
1400000US17143005000,16579
1400000US17145030100,24091
1400000US17145030200,22112
1400000US17145030300,20208
1400000US17145030400,15542
1400000US17145030500,29395
1400000US17145030600,21932
1400000US17147954500,30962
1400000US17147954600,39414
1400000US17147954700,33750
1400000US17147954800,29609
1400000US17149952400,21688
1400000US17149952500,30347
1400000US17149952600,25240
1400000US17149952700,28305
1400000US17149952800,23906
1400000US17151971200,23015
1400000US17151971300,21779
1400000US17153971000,19079
1400000US17153971100,18313
1400000US17155954500,29453
1400000US17155954600,38125
1400000US17157950500,31912
1400000US17157950600,25810
1400000US17157950700,35417
1400000US17157950800,27076
1400000US17157950900,38289
1400000US17157951000,37083
1400000US17157951100,30536
1400000US17157951200,26220
1400000US17157951300,30020
1400000US17159977900,29643
1400000US17159978000,20560
1400000US17159978100,20671
1400000US17159978200,25592
1400000US17159978300,36573
1400000US17161020100,38250
1400000US17161020200,26757
1400000US17161020300,23438
1400000US17161020400,37400
1400000US17161020600,26417
1400000US17161020700,17938
1400000US17161020800,28862
1400000US17161020900,22586
1400000US17161021000,25366
1400000US17161021100,35192
1400000US17161021200,35160
1400000US17161021300,26528
1400000US17161021400,28333
1400000US17161021500,32121
1400000US17161021600,18424
1400000US17161021700,23059
1400000US17161021800,41556
1400000US17161021900,26250
1400000US17161022000,45114
1400000US17161022100,45268
1400000US17161022200,33162
1400000US17161022300,37067
1400000US17161022600,20048
1400000US17161022800,34743
1400000US17161022900,40052
1400000US17161023000,44044
1400000US17161023100,50875
1400000US17161023200,33558
1400000US17161023300,48500
1400000US17161023500,40625
1400000US17161023600,16938
1400000US17161023700,25132
1400000US17161024000,40545
1400000US17161024101,24840
1400000US17161024102,37955
1400000US17161024103,41750
1400000US17161024200,20519
1400000US17161024300,30688
1400000US17161024400,19667
1400000US17161024500,14398
1400000US17163500400,9345
1400000US17163500500,14946
1400000US17163500900,11806
1400000US17163501100,25642
1400000US17163501200,12126
1400000US17163501300,21458
1400000US17163501400,26302
1400000US17163501501,27400
1400000US17163501502,25086
1400000US17163501602,27661
1400000US17163501603,30817
1400000US17163501604,18507
1400000US17163501605,33675
1400000US17163501700,24597
1400000US17163501800,25887
1400000US17163501900,30888
1400000US17163502100,28095
1400000US17163502200,11941
1400000US17163502300,19089
1400000US17163502401,-
1400000US17163502404,30453
1400000US17163502500,18938
1400000US17163502602,19883
1400000US17163502603,20625
1400000US17163502700,10956
1400000US17163502800,14117
1400000US17163502900,23088
1400000US17163503100,30920
1400000US17163503202,28464
1400000US17163503203,35865
1400000US17163503211,41389
1400000US17163503301,30417
1400000US17163503304,35765
1400000US17163503322,46176
1400000US17163503323,32361
1400000US17163503324,36597
1400000US17163503332,29821
1400000US17163503334,50363
1400000US17163503402,36836
1400000US17163503404,65385
1400000US17163503411,36352
1400000US17163503412,38070
1400000US17163503413,47737
1400000US17163503414,58672
1400000US17163503800,112500
1400000US17163503903,52667
1400000US17163503904,38098
1400000US17163503905,36458
1400000US17163503906,38368
1400000US17163504001,44583
1400000US17163504002,24638
1400000US17163504302,29917
1400000US17163504303,46583
1400000US17163504351,41875
1400000US17163504352,31125
1400000US17163504353,39348
1400000US17163504354,39138
1400000US17163504355,47188
1400000US17163504500,15533
1400000US17163504600,17708
1400000US17165955100,18897
1400000US17165955500,14775
1400000US17165955600,39444
1400000US17165955700,20417
1400000US17165955800,17849
1400000US17165955900,15750
1400000US17165956000,17955
1400000US17165956100,22784
1400000US17165956200,30938
1400000US17167000100,26507
1400000US17167000201,38646
1400000US17167000202,24388
1400000US17167000300,28600
1400000US17167000400,32930
1400000US17167000501,55400
1400000US17167000503,30159
1400000US17167000504,39561
1400000US17167000600,20000
1400000US17167000700,35938
1400000US17167000800,-
1400000US17167000900,15509
1400000US17167001001,32500
1400000US17167001003,48056
1400000US17167001004,39637
1400000US17167001100,47452
1400000US17167001200,41558
1400000US17167001300,32951
1400000US17167001400,13854
1400000US17167001500,15625
1400000US17167001600,15761
1400000US17167001700,-
1400000US17167001800,32941
1400000US17167001900,21450
1400000US17167002000,49851
1400000US17167002100,51429
1400000US17167002200,52269
1400000US17167002300,17149
1400000US17167002400,33403
1400000US17167002500,39453
1400000US17167002600,30833
1400000US17167002700,38542
1400000US17167002801,32358
1400000US17167002802,26393
1400000US17167002900,52005
1400000US17167003000,49911
1400000US17167003100,55000
1400000US17167003201,60543
1400000US17167003202,49896
1400000US17167003203,49015
1400000US17167003300,42765
1400000US17167003400,34395
1400000US17167003500,33036
1400000US17167003601,58550
1400000US17167003602,42879
1400000US17167003603,56961
1400000US17167003604,48233
1400000US17167003700,34441
1400000US17167003801,42692
1400000US17167003802,47962
1400000US17167003901,57031
1400000US17167003902,37614
1400000US17167004000,40909
1400000US17169970100,37337
1400000US17169970200,26334
1400000US17169970300,32679
1400000US17171970600,31493
1400000US17171970700,32321
1400000US17173959100,27009
1400000US17173959200,30952
1400000US17173959300,27639
1400000US17173959400,26196
1400000US17173959500,19531
1400000US17173959600,26534
1400000US17175951400,28164
1400000US17175951500,25625
1400000US17177000100,47500
1400000US17177000200,33285
1400000US17177000300,29115
1400000US17177000400,32750
1400000US17177000500,25842
1400000US17177000600,39042
1400000US17177000700,23200
1400000US17177000800,15637
1400000US17177000900,22954
1400000US17177001000,29459
1400000US17177001100,28045
1400000US17177001200,21529
1400000US17177001300,22868
1400000US17179020100,35262
1400000US17179020301,33125
1400000US17179020302,36800
1400000US17179020400,30800
1400000US17179020500,29539
1400000US17179020600,29560
1400000US17179020700,33981
1400000US17179020800,24250
1400000US17179020900,27019
1400000US17179021000,31467
1400000US17179021101,28656
1400000US17179021102,45181
1400000US17179021201,41000
1400000US17179021202,37413
1400000US17179021203,40302
1400000US17179021500,45564
1400000US17179021603,39107
1400000US17179021604,56411
1400000US17179021605,50048
1400000US17179021606,46250
1400000US17179021701,49036
1400000US17179021702,41534
1400000US17179021801,39667
1400000US17179021802,38750
1400000US17179021900,36136
1400000US17179022000,38214
1400000US17179022100,29844
1400000US17179022200,35545
1400000US17179022300,56734
1400000US17179022400,28912
1400000US17181950100,30455
1400000US17181950200,19079
1400000US17181950300,15766
1400000US17181950400,25750
1400000US17181950500,28938
1400000US17183000100,12078
1400000US17183000200,23561
1400000US17183000300,24083
1400000US17183000400,22462
1400000US17183000500,26085
1400000US17183000600,37688
1400000US17183000700,35256
1400000US17183000800,31474
1400000US17183000900,21732
1400000US17183001200,34524
1400000US17183001300,30000
1400000US17183010100,26250
1400000US17183010200,29449
1400000US17183010300,40347
1400000US17183010400,31136
1400000US17183010500,42857
1400000US17183010600,25000
1400000US17183010701,27123
1400000US17183010702,29972
1400000US17183010800,33720
1400000US17183010900,33235
1400000US17183011000,30889
1400000US17183011100,31010
1400000US17183011200,25878
1400000US17185957200,32300
1400000US17185957300,18484
1400000US17185957400,25114
1400000US17185957500,15329
1400000US17187870100,22857
1400000US17187870200,36438
1400000US17187870300,30833
1400000US17187870400,26757
1400000US17187870500,24891
1400000US17189950100,29034
1400000US17189950200,30224
1400000US17189950300,27700
1400000US17189950400,31250
1400000US17191954900,26364
1400000US17191955000,30125
1400000US17191955100,15038
1400000US17191955200,31250
1400000US17191955300,31298
1400000US17193958000,21014
1400000US17193958100,29796
1400000US17193958200,24464
1400000US17193958300,28083
1400000US17193958400,20804
1400000US17195000100,44079
1400000US17195000200,40078
1400000US17195000300,30150
1400000US17195000400,45777
1400000US17195000500,33095
1400000US17195000600,33293
1400000US17195000700,29196
1400000US17195000800,34167
1400000US17195000900,27413
1400000US17195001000,27056
1400000US17195001100,28821
1400000US17195001200,30823
1400000US17195001300,25461
1400000US17195001400,28707
1400000US17195001500,35132
1400000US17195001600,17981
1400000US17195001700,25250
1400000US17195001800,32067
1400000US17197880105,81635
1400000US17197880106,50573
1400000US17197880107,43611
1400000US17197880109,67115
1400000US17197880111,50625
1400000US17197880112,45313
1400000US17197880113,23068
1400000US17197880114,26569
1400000US17197880115,50357
1400000US17197880116,53194
1400000US17197880117,18036
1400000US17197880118,-
1400000US17197880119,36786
1400000US17197880120,76750
1400000US17197880121,67850
1400000US17197880202,40664
1400000US17197880203,37955
1400000US17197880204,45306
1400000US17197880303,88438
1400000US17197880304,84297
1400000US17197880305,100682
1400000US17197880306,105294
1400000US17197880307,53636
1400000US17197880308,81667
1400000US17197880309,-
1400000US17197880310,81132
1400000US17197880312,64779
1400000US17197880313,72865
1400000US17197880314,152622
1400000US17197880404,37208
1400000US17197880408,40625
1400000US17197880410,47930
1400000US17197880411,73438
1400000US17197880412,57946
1400000US17197880414,54000
1400000US17197880415,51889
1400000US17197880416,61821
1400000US17197880417,49375
1400000US17197880418,-
1400000US17197880419,48796
1400000US17197880420,52500
1400000US17197880421,49583
1400000US17197880502,48750
1400000US17197880503,31438
1400000US17197880505,49920
1400000US17197880507,51023
1400000US17197880601,51250
1400000US17197880602,32849
1400000US17197880701,42734
1400000US17197880702,30714
1400000US17197880901,28942
1400000US17197880903,34120
1400000US17197880905,42975
1400000US17197881001,55833
1400000US17197881002,29844
1400000US17197881005,43125
1400000US17197881006,38000
1400000US17197881007,33611
1400000US17197881009,47885
1400000US17197881010,39554
1400000US17197881011,32083
1400000US17197881012,58750
1400000US17197881105,59167
1400000US17197881107,45063
1400000US17197881108,42348
1400000US17197881109,63462
1400000US17197881111,42788
1400000US17197881112,61190
1400000US17197881113,46250
1400000US17197881115,51000
1400000US17197881116,44659
1400000US17197881200,26413
1400000US17197881301,20481
1400000US17197881302,21397
1400000US17197881401,28665
1400000US17197881402,30625
1400000US17197881500,34524
1400000US17197881601,41875
1400000US17197881603,36625
1400000US17197881604,50141
1400000US17197881700,45530
1400000US17197881800,38542
1400000US17197881900,17576
1400000US17197882000,14038
1400000US17197882100,-
1400000US17197882200,25625
1400000US17197882300,31094
1400000US17197882400,23229
1400000US17197882500,38750
1400000US17197882601,58500
1400000US17197882602,30263
1400000US17197882701,35833
1400000US17197882702,40489
1400000US17197882801,29875
1400000US17197882802,26250
1400000US17197882900,41875
1400000US17197883000,19952
1400000US17197883100,37125
1400000US17197883206,37131
1400000US17197883208,36758
1400000US17197883209,31786
1400000US17197883210,31759
1400000US17197883211,44737
1400000US17197883212,-
1400000US17197883213,57500
1400000US17197883214,43214
1400000US17197883215,58447
1400000US17197883216,48611
1400000US17197883303,39250
1400000US17197883304,48000
1400000US17197883305,50833
1400000US17197883306,49485
1400000US17197883307,50333
1400000US17197883401,47898
1400000US17197883402,42308
1400000US17197883504,38542
1400000US17197883505,57656
1400000US17197883507,66058
1400000US17197883509,45774
1400000US17197883510,52151
1400000US17197883511,48125
1400000US17197883513,67460
1400000US17197883514,73000
1400000US17197883515,52875
1400000US17197883516,67674
1400000US17197883517,60682
1400000US17197883519,36339
1400000US17197883521,49141
1400000US17197883522,55430
1400000US17197883602,48142
1400000US17197883603,28563
1400000US17197883605,26750
1400000US17197883606,35278
1400000US17197883700,26250
1400000US17197883803,35764
1400000US17197883804,46607
1400000US17197883806,46023
1400000US17197883808,33375
1400000US17197883809,26806
1400000US17197883810,43233
1400000US17197883811,54531
1400000US17197883902,35263
1400000US17197883903,40833
1400000US17197883904,30893
1400000US17197884003,45833
1400000US17197884004,49479
1400000US17197884005,-
1400000US17197884006,37250
1400000US17197884101,31705
1400000US17197884103,47500
1400000US17197980000,-
1400000US17197980100,-
1400000US17199020100,21378
1400000US17199020201,27619
1400000US17199020202,45313
1400000US17199020300,31563
1400000US17199020400,25257
1400000US17199020500,32500
1400000US17199020600,24620
1400000US17199020700,22750
1400000US17199020800,26583
1400000US17199020900,28915
1400000US17199021000,21875
1400000US17199021100,17500
1400000US17199021200,25545
1400000US17199021300,25184
1400000US17199021400,23269
1400000US17201000101,27222
1400000US17201000103,32109
1400000US17201000104,42799
1400000US17201000105,33438
1400000US17201000200,24877
1400000US17201000300,35833
1400000US17201000401,41023
1400000US17201000402,36442
1400000US17201000403,32746
1400000US17201000501,33468
1400000US17201000502,28233
1400000US17201000504,36357
1400000US17201000506,48906
1400000US17201000507,38869
1400000US17201000510,43864
1400000US17201000511,48015
1400000US17201000512,45806
1400000US17201000513,40263
1400000US17201000514,39279
1400000US17201000600,47763
1400000US17201000700,42067
1400000US17201000800,23167
1400000US17201001000,9895
1400000US17201001100,12068
1400000US17201001200,18482
1400000US17201001300,21250
1400000US17201001400,26000
1400000US17201001500,27454
1400000US17201001600,26212
1400000US17201001700,29907
1400000US17201001800,19635
1400000US17201001900,19618
1400000US17201002000,21458
1400000US17201002100,14042
1400000US17201002200,22213
1400000US17201002301,23903
1400000US17201002302,34563
1400000US17201002400,17206
1400000US17201002500,26438
1400000US17201002600,14718
1400000US17201002700,23333
1400000US17201002800,26806
1400000US17201002900,12867
1400000US17201003000,48259
1400000US17201003100,21929
1400000US17201003200,13634
1400000US17201003300,17550
1400000US17201003400,38413
1400000US17201003500,26082
1400000US17201003601,24236
1400000US17201003602,26154
1400000US17201003604,24233
1400000US17201003605,28203
1400000US17201003606,25972
1400000US17201003705,37370
1400000US17201003706,38235
1400000US17201003707,34327
1400000US17201003708,36591
1400000US17201003709,32212
1400000US17201003710,46000
1400000US17201003711,31250
1400000US17201003801,54732
1400000US17201003805,40050
1400000US17201003806,55493
1400000US17201003807,50551
1400000US17201003808,51141
1400000US17201003809,29519
1400000US17201003901,46111
1400000US17201003903,61016
1400000US17201003904,36139
1400000US17201004001,31371
1400000US17201004002,34867
1400000US17201004003,21932
1400000US17201004100,33977
1400000US17201004200,33786
1400000US17201004300,50071
1400000US17201980000,-
1400000US17203030100,39313
1400000US17203030200,36607
1400000US17203030300,41439
1400000US17203030400,24018
1400000US17203030501,49729
1400000US17203030502,40417
1400000US17203030601,36367
1400000US17203030602,50769
1400000US17203030700,36395
